district_id,affected_population,evacuated_population,vulnerable_population,children_population,elderly_population,critical_population,displaced_population
D001,285000,76000,61000,48000,24000,27000,120000
D002,320000,89000,70000,56000,26000,31000,140000
D003,210000,62000,46000,39000,18000,21000,98000
D004,195000,51000,43000,34000,16000,18000,88000
D005,168000,43000,37000,29000,13000,16000,76000
D006,188000,49000,42000,33000,15000,18000,86000
D007,260000,71000,58000,47000,23000,26000,110000
D008,145000,35000,31000,24000,12000,15000,56000
D009,175000,44000,39000,30000,14000,18000,69000
D010,66000,18000,15000,12000,7000,9000,29000
D011,76000,20000,17000,14000,8000,10000,31000
D012,230000,67000,51000,40000,20000,22000,101000
D013,172000,45000,39000,30000,15000,17000,69000
D014,155000,40000,35000,27000,11000,15000,64000
D015,90000,25000,20000,18000,9000,10000,37000
