district_id,rainfall_mm_24h,rainfall_mm_72h,wind_speed_kmph,water_level_m,forecast_rainfall_mm,flood_probability,cyclone_probability,temperature,weather_status
D001,285,510,72,6.8,260,0.91,0.76,30,SEVERE_FLOOD
D002,330,620,81,8.4,330,0.96,0.88,29,CRITICAL_FLOOD
D003,270,480,68,6.2,245,0.88,0.75,31,SEVERE_FLOOD
D004,210,390,58,4.9,200,0.72,0.64,32,MODERATE
D005,190,340,54,4.2,180,0.68,0.6,33,MODERATE
D006,175,320,52,4.6,170,0.66,0.58,34,MODERATE
D007,240,420,70,5.6,220,0.81,0.73,30,SEVERE
D008,180,290,49,3.8,160,0.58,0.52,31,STABLE
D009,160,270,45,3.5,150,0.5,0.48,35,STABLE
D010,75,110,28,1.5,70,0.2,0.1,38,STABLE
D011,90,130,32,1.7,90,0.24,0.12,36,STABLE
D012,250,460,71,6.0,240,0.85,0.74,31,SEVERE
D013,165,295,52,4.1,160,0.69,0.6,30,MODERATE
D014,150,280,48,3.9,155,0.65,0.58,31,MODERATE
D015,120,190,40,2.7,100,0.4,0.3,36,STABLE
